,name,,Zoom,
0,"maritime and coastguard agency, aberdeen",NO,in,out
1,"torry medical practice, aberdeen",,,
2,"jump in adventure park, aberdeen",,,
3,"st mary's building, university of aberdeen",,,
4,"aberdeen sports village, aberdeen",,,
5,"lidl, king street, aberdeen",,,
6,"edward wright building, aberdeen",,,
7,"king's pavilion, aberdeen",,,
8,asda aberdeen beach,,,
9,"aberdeen science centre, aberdeen",,,
10,"harlaw academy, aberdeen",,,
11,"south house, aberdeen",,,
12,"Aberdeen Royal Infirmary, Foresterhill, Aberdeen",,,
13,"Robert Gordon University Library, Aberdeen",,,
14,"Pittodrie Stadium, Aberdeen",,,
15,"Bon Accord Centre, Aberdeen",,,
16,"Marischal College, Broad Street, Aberdeen",,,
17,"Union Square Shopping Centre, Aberdeen",,,
18,"His Majesty's Theatre, Rosemount Viaduct, Aberdeen",,,
19,"St. Nicholas Centre, Aberdeen",,,
20,"Bridge of Don Academy, Aberdeen",,,
21,"Beach Ballroom, Aberdeen",,,
22,"Ferryhill House Hotel, Aberdeen",,,
23,"Balmoral Group Holdings Ltd, Aberdeen",,,
24,"Cruickshank Botanic Garden, Aberdeen",,,
25,"Queen's Cross Church, Aberdeen",,,
26,"Town and County Hospital, Aberdeen",,,
27,"Broadford Works, Aberdeen",,,
28,"Trinity Centre, Aberdeen",,,
29,"Sheddocksley Baptist Church, Aberdeen",,,
30,"Westburn Park Pavilion, Aberdeen",,,
31,"Hilton Aberdeen Treetops Hotel, Springfield Road, Aberdeen",,,
